Datetime,Water Level (m)
2025-02-14 06:00:00,1.064379
2025-02-14 07:00:00,1.2009654
2025-02-14 08:00:00,0.852656
2025-02-14 09:00:00,0.31270117
2025-02-14 10:00:00,-0.38968953
2025-02-14 11:00:00,-1.1361957
2025-02-14 12:00:00,-1.8181742
2025-02-14 13:00:00,-2.1553562
2025-02-14 14:00:00,-1.7812132
2025-02-14 15:00:00,-0.9279093
2025-02-14 16:00:00,0.040343214
2025-02-14 17:00:00,0.8261028
2025-02-14 18:00:00,1.3910478
2025-02-14 19:00:00,1.5354948
2025-02-14 20:00:00,1.1438204
2025-02-14 21:00:00,0.56063
2025-02-14 22:00:00,-0.22188987
2025-02-14 23:00:00,-1.0353376
2025-02-15 00:00:00,-1.80394
2025-02-15 01:00:00,-2.3186002
2025-02-15 02:00:00,-2.2812443
2025-02-15 03:00:00,-1.4515257
2025-02-15 04:00:00,-0.47620618
2025-02-15 05:00:00,0.37191647
2025-02-15 06:00:00,0.98918545
2025-02-15 07:00:00,1.3208863
2025-02-15 08:00:00,1.1131505
2025-02-15 09:00:00,0.6201918
2025-02-15 10:00:00,-0.04021162
2025-02-15 11:00:00,-0.77682
2025-02-15 12:00:00,-1.5002959
2025-02-15 13:00:00,-2.0382698
2025-02-15 14:00:00,-2.0965934
2025-02-15 15:00:00,-1.4286336
2025-02-15 16:00:00,-0.4895827
2025-02-15 17:00:00,0.40566987
2025-02-15 18:00:00,1.0758649
2025-02-15 19:00:00,1.4586385
2025-02-15 20:00:00,1.285001
2025-02-15 21:00:00,0.76843554
2025-02-15 22:00:00,0.082617775
2025-02-15 23:00:00,-0.684258
2025-02-16 00:00:00,-1.4550214
2025-02-16 01:00:00,-2.0797284
2025-02-16 02:00:00,-2.3173687
2025-02-16 03:00:00,-1.8077422
2025-02-16 04:00:00,-0.9265318
2025-02-16 05:00:00,-0.023107119
2025-02-16 06:00:00,0.67607415
2025-02-16 07:00:00,1.1834508
2025-02-16 08:00:00,1.2395586
2025-02-16 09:00:00,0.8396267
2025-02-16 10:00:00,0.2942756
2025-02-16 11:00:00,-0.4001219
2025-02-16 12:00:00,-1.112769
2025-02-16 13:00:00,-1.7439731
2025-02-16 14:00:00,-2.0545514
2025-02-16 15:00:00,-1.7733375
2025-02-16 16:00:00,-0.9817896
2025-02-16 17:00:00,-0.08267984
2025-02-16 18:00:00,0.63261163
2025-02-16 19:00:00,1.1556408
2025-02-16 20:00:00,1.2742295
2025-02-16 21:00:00,0.8989921
2025-02-16 22:00:00,0.33329365
2025-02-16 23:00:00,-0.36665568
2025-02-17 00:00:00,-1.1024206
2025-02-17 01:00:00,-1.7874936
2025-02-17 02:00:00,-2.2063982
2025-02-17 03:00:00,-2.0872555
2025-02-17 04:00:00,-1.3458836
2025-02-17 05:00:00,-0.49000785
2025-02-17 06:00:00,0.27445847
2025-02-17 07:00:00,0.8718075
2025-02-17 08:00:00,1.1870776
2025-02-17 09:00:00,0.9825519
2025-02-17 10:00:00,0.5431517
2025-02-17 11:00:00,-0.04163024
2025-02-17 12:00:00,-0.6882707
2025-02-17 13:00:00,-1.3433574
2025-02-17 14:00:00,-1.8137356
2025-02-17 15:00:00,-1.8609219
2025-02-17 16:00:00,-1.340684
2025-02-17 17:00:00,-0.55814534
2025-02-17 18:00:00,0.20741288
2025-02-17 19:00:00,0.7676068
2025-02-17 20:00:00,1.0860436
2025-02-17 21:00:00,0.9453747
2025-02-17 22:00:00,0.48165536
2025-02-17 23:00:00,-0.10735857
2025-02-18 00:00:00,-0.76309836
2025-02-18 01:00:00,-1.4271195
2025-02-18 02:00:00,-1.9352957
2025-02-18 03:00:00,-2.0559723
2025-02-18 04:00:00,-1.6064676
2025-02-18 05:00:00,-0.8771219
2025-02-18 06:00:00,-0.11329223
2025-02-18 07:00:00,0.50559956
2025-02-18 08:00:00,0.9811569
2025-02-18 09:00:00,1.0431076
2025-02-18 10:00:00,0.7358204
2025-02-18 11:00:00,0.28874168
2025-02-18 12:00:00,-0.26972198
2025-02-18 13:00:00,-0.8528429
2025-02-18 14:00:00,-1.3876415
2025-02-18 15:00:00,-1.6248757
2025-02-18 16:00:00,-1.422583
2025-02-18 17:00:00,-0.8918481
2025-02-18 18:00:00,-0.23992594
2025-02-18 19:00:00,0.32290432
2025-02-18 20:00:00,0.73528665
2025-02-18 21:00:00,0.8555851
2025-02-18 22:00:00,0.5719355
2025-02-18 23:00:00,0.10272137
2025-02-19 00:00:00,-0.46005583
2025-02-19 01:00:00,-1.0524449
2025-02-19 02:00:00,-1.5729767
2025-02-19 03:00:00,-1.833176
2025-02-19 04:00:00,-1.6952938
2025-02-19 05:00:00,-1.1887183
2025-02-19 06:00:00,-0.53405046
2025-02-19 07:00:00,0.09517366
2025-02-19 08:00:00,0.61043024
2025-02-19 09:00:00,0.89549357
2025-02-19 10:00:00,0.7981137
2025-02-19 11:00:00,0.4959488
2025-02-19 12:00:00,0.078631744
2025-02-19 13:00:00,-0.41670817
2025-02-19 14:00:00,-0.912269
2025-02-19 15:00:00,-1.2931172
2025-02-19 16:00:00,-1.3920635
2025-02-19 17:00:00,-1.1177099
2025-02-19 18:00:00,-0.6196521
2025-02-19 19:00:00,-0.10748471
2025-02-19 20:00:00,0.27616763
2025-02-19 21:00:00,0.5122822
2025-02-19 22:00:00,0.48289695
2025-02-19 23:00:00,0.1736
2025-02-20 00:00:00,-0.23113339
2025-02-20 01:00:00,-0.68439084
2025-02-20 02:00:00,-1.123333
2025-02-20 03:00:00,-1.4933506
2025-02-20 04:00:00,-1.5715234
2025-02-20 05:00:00,-1.359538
2025-02-20 06:00:00,-0.8999096
